{
  "generator": {
    "Wg2": [
      [
        0.02847189317139998,
        0.065176949751719
      ],
      [
        0.1685820687316147,
        0.027527673206170652
      ],
      [
        -0.21798314727703785,
        -0.12732635301010012
      ]
    ],
    "bg2": [
      [
        0.4412531408074045
      ],
      [
        0.1973419389432175
      ],
      [
        -0.11005100699606804
      ]
    ],
    "Wg3": [
      [
        -0.04548297682207036,
        -0.021593998534516032,
        0.050161602917694316
      ],
      [
        0.17196408844502564,
        0.048823501533796394,
        0.06853613189226297
      ],
      [
        0.34623118518081014,
        0.14366808983097396,
        0.07549837027238633
      ],
      [
        0.394208293200988,
        0.18998033377610585,
        -0.055059563404435095
      ],
      [
        -0.14178834818505423,
        0.13861808511920692,
        0.031415085511403776
      ],
      [
        0.4217746149630866,
        0.1166856196474902,
        -0.10350073525138419
      ],
      [
        0.0766538340331047,
        -0.11891510707891599,
        0.08793672489047229
      ],
      [
        0.13234078287592652,
        0.1297924555783041,
        -0.14449109069955982
      ],
      [
        0.0671192793443481,
        0.16121135566300615,
        -0.1061057020591699
      ]
    ],
    "bg3": [
      [
        -0.11702501915872231
      ],
      [
        0.5698209842661577
      ],
      [
        0.020986329990444603
      ],
      [
        0.5583344029550292
      ],
      [
        -0.0610136631846263
      ],
      [
        0.5873860239161303
      ],
      [
        -0.0226184866506306
      ],
      [
        0.6967210566978314
      ],
      [
        -0.0028897085133352527
      ]
    ]
  },
  "discriminator": {
    "Wd2": [
      [
        -0.14599257460144033,
        -0.2950079644386248,
        -0.045868757762781716,
        -0.22990139283314195,
        -0.07652614353709691,
        -0.13620198892053115,
        0.009998145470131371,
        -0.24467920188318515,
        0.09863178618165169
      ],
      [
        0.06896840180573129,
        0.4614386131011408,
        -0.1577445286732838,
        0.3891417275298225,
        -0.008599920007057919,
        0.4247370911328947,
        0.06273582454381171,
        0.4627763273920612,
        -0.0008858652475573029
      ],
      [
        0.14404923705277137,
        0.15496069669514642,
        -0.02434317522551676,
        -0.06847098943330937,
        0.06281176347031883,
        -0.0682983336752978,
        -0.11125388000660029,
        -0.05888626756732057,
        0.11173876067162965
      ]
    ],
    "bd2": [
      [
        0.3186401553053294
      ],
      [
        -1.1954514475112281
      ],
      [
        0.0008020208411420361
      ]
    ],
    "Wd3": [
      [
        -0.6603926707519491,
        1.7015453342747175,
        0.016456086740293304
      ]
    ],
    "bd3": [
      [
        -0.468922579426276
      ]
    ]
  }
}